DATE,DFF,DGS10,DGS3MO,DGS5
1979-08-01,10.9361290322580645,9.0295652173913043,.,9.0604347826086957
1979-09-01,11.4283333333333333,9.3347368421052632,.,9.4084210526315789
1979-10-01,13.7687096774193548,10.2990909090909091,.,10.6277272727272727
1979-11-01,13.1803333333333333,10.6531578947368421,.,10.9252631578947368
1979-12-01,13.7787096774193548,10.3860000000000000,.,10.4155000000000000
1980-01-01,13.8167741935483871,10.8022727272727273,.,10.7436363636363636
1980-02-01,14.1262068965517241,12.4147368421052632,.,12.5963157894736842
1980-03-01,17.1922580645161290,12.7490476190476190,.,13.4695238095238095
1980-04-01,17.6076666666666667,11.4733333333333333,.,11.8438095238095238
1980-05-01,10.9832258064516129,10.1814285714285714,.,9.9457142857142857
1980-06-01,9.4720000000000000,9.7780952380952381,.,9.2114285714285714
1980-07-01,9.0258064516129032,10.2477272727272727,.,9.5286363636363636
1980-08-01,9.6054838709677419,11.1019047619047619,.,10.8390476190476190
1980-09-01,10.8720000000000000,11.5085714285714286,.,11.6180952380952381
1980-10-01,12.8135483870967742,11.7513636363636364,.,11.8613636363636364
1980-11-01,15.8486666666666667,12.6847058823529412,.,12.8347058823529412
1980-12-01,18.8961290322580645,12.8440909090909091,.,13.2472727272727273
1981-01-01,19.0845161290322581,12.5685714285714286,.,12.7704761904761905
1981-02-01,15.9342857142857143,13.1944444444444444,.,13.4122222222222222
1981-03-01,14.7038709677419355,13.1159090909090909,.,13.4081818181818182
1981-04-01,15.7190000000000000,13.6795238095238095,.,13.9909523809523810
1981-05-01,18.5177419354838710,14.0995000000000000,.,14.6250000000000000
1981-06-01,19.0996666666666667,13.4722727272727273,.,13.9531818181818182
1981-07-01,19.0358064516129032,14.2809090909090909,.,14.7900000000000000
1981-08-01,17.8177419354838710,14.9371428571428571,.,15.5638095238095238
1981-09-01,15.8740000000000000,15.3238095238095238,15.6071428571428571,15.9300000000000000
1981-10-01,15.0800000000000000,15.1480952380952381,14.2309523809523810,15.4066666666666667
1981-11-01,13.3070000000000000,13.3927777777777778,11.3455555555555556,13.3755555555555556
1981-12-01,12.3690322580645161,13.7245454545454545,11.3190476190476190,13.6004545454545455
1982-01-01,13.2206451612903226,14.5940000000000000,12.9180000000000000,14.6455000000000000
1982-02-01,14.7792857142857143,14.4255555555555556,14.2794444444444444,14.5405555555555556
1982-03-01,14.6777419354838710,13.8613043478260870,13.3147826086956522,13.9773913043478261
1982-04-01,14.9370000000000000,13.8719047619047619,13.3447619047619048,14.0038095238095238
1982-05-01,14.4548387096774194,13.6225000000000000,12.7140000000000000,13.7540000000000000
1982-06-01,14.1526666666666667,14.2995454545454545,13.0786363636363636,14.4263636363636364
1982-07-01,12.5867741935483871,13.9461904761904762,11.8633333333333333,14.0671428571428571
1982-08-01,10.1190322580645161,13.0550000000000000,8.9972727272727273,12.9981818181818182
1982-09-01,10.3096666666666667,12.3390476190476190,8.1928571428571429,12.2480952380952381
1982-10-01,9.7070967741935484,10.9065000000000000,7.9675000000000000,10.7995000000000000
1982-11-01,9.1963333333333333,10.5505263157894737,8.3463157894736842,10.3815789473684211
1982-12-01,8.9454838709677419,10.5400000000000000,8.2027272727272727,10.2222727272727273
1983-01-01,8.6832258064516129,10.4571428571428571,8.1171428571428571,10.0257142857142857
1983-02-01,8.5089285714285714,10.7247368421052632,8.3942105263157895,10.2573684210526316
1983-03-01,8.7661290322580645,10.5065217391304348,8.6595652173913043,10.0834782608695652
1983-04-01,8.8020000000000000,10.4000000000000000,8.5135000000000000,10.0215000000000000
1983-05-01,8.6300000000000000,10.3800000000000000,8.4957142857142857,10.0342857142857143
1983-06-01,8.9820000000000000,10.8486363636363636,9.1395454545454545,10.6281818181818182
1983-07-01,9.3677419354838710,11.3770000000000000,9.4495000000000000,11.2090000000000000
1983-08-01,9.5583870967741935,11.8460869565217391,9.7391304347826087,11.6260869565217391
1983-09-01,9.4480000000000000,11.6538095238095238,9.3614285714285714,11.4300000000000000
1983-10-01,9.4761290322580645,11.5410000000000000,8.9880000000000000,11.2780000000000000
1983-11-01,9.3400000000000000,11.6900000000000000,9.1110526315789474,11.4089473684210526
1983-12-01,9.4712903225806452,11.8295238095238095,9.3576190476190476,11.5447619047619048
1984-01-01,9.5583870967741935,11.6742857142857143,9.2638095238095238,11.3685714285714286
1984-02-01,9.5875862068965517,11.8421052631578947,9.4594736842105263,11.5384210526315789
1984-03-01,9.9132258064516129,12.3190909090909091,9.8895454545454545,12.0213636363636364
1984-04-01,10.2910000000000000,12.6335000000000000,10.0730000000000000,12.3715000000000000
1984-05-01,10.3193548387096774,13.4086363636363636,10.2231818181818182,13.1727272727272727
1984-06-01,11.0616666666666667,13.5628571428571429,10.2604761904761905,13.4766666666666667
1984-07-01,11.2341935483870968,13.3623809523809524,10.5309523809523810,13.2747619047619048
1984-08-01,11.6370967741935484,12.7160869565217391,10.9004347826086957,12.6847826086956522
1984-09-01,11.3026666666666667,12.5226315789473684,10.7957894736842105,12.5321052631578947
1984-10-01,9.9854838709677419,12.1604545454545455,10.1245454545454545,12.0609090909090909
1984-11-01,9.4256666666666667,11.5726315789473684,8.9247368421052632,11.3252631578947368
1984-12-01,8.3816129032258065,11.4995000000000000,8.3375000000000000,11.0695000000000000
1985-01-01,8.3490322580645161,11.3842857142857143,8.0200000000000000,10.9323809523809524
1985-02-01,8.5014285714285714,11.5088888888888889,8.5572222222222222,11.1311111111111111
1985-03-01,8.5774193548387097,11.8552380952380952,8.8300000000000000,11.5204761904761905
1985-04-01,8.2673333333333333,11.4347619047619048,8.2219047619047619,11.0066666666666667
1985-05-01,7.9709677419354839,10.8468181818181818,7.7331818181818182,10.3359090909090909
1985-06-01,7.5333333333333333,10.1560000000000000,7.1800000000000000,9.5990000000000000
1985-07-01,7.8838709677419355,10.3068181818181818,7.3163636363636364,9.7000000000000000
1985-08-01,7.8983870967741935,10.3318181818181818,7.3704545454545455,9.8095454545454545
1985-09-01,7.9213333333333333,10.3731578947368421,7.3331578947368421,9.8100000000000000
1985-10-01,7.9864516129032258,10.2368181818181818,7.4009090909090909,9.6886363636363636
1985-11-01,8.0506666666666667,9.7815789473684211,7.4763157894736842,9.2752631578947368
1985-12-01,8.2745161290322581,9.2590476190476190,7.3300000000000000,8.7285714285714286
1986-01-01,8.1448387096774194,9.1938095238095238,7.3019047619047619,8.6833333333333333
1986-02-01,7.8600000000000000,8.7042105263157895,7.2905263157894737,8.3357894736842105
1986-03-01,7.4790322580645161,7.7785000000000000,6.7640000000000000,7.4600000000000000
1986-04-01,6.9880000000000000,7.2990909090909091,6.2354545454545455,7.0536363636363636
1986-05-01,6.8529032258064516,7.7095238095238095,6.3347619047619048,7.5247619047619048
1986-06-01,6.9166666666666667,7.7995238095238095,6.3966666666666667,7.6376190476190476
1986-07-01,6.5570967741935484,7.3031818181818182,5.9995454545454545,7.0627272727272727
1986-08-01,6.1706451612903226,7.1657142857142857,5.6852380952380952,6.8023809523809524
1986-09-01,5.8903333333333333,7.4476190476190476,5.3523809523809524,6.9190476190476190
1986-10-01,5.8458064516129032,7.4263636363636364,5.3231818181818182,6.8322727272727273
1986-11-01,6.0393333333333333,7.2505555555555556,5.5000000000000000,6.7550000000000000
1986-12-01,6.9077419354838710,7.1127272727272727,5.6827272727272727,6.6690909090909091
1987-01-01,6.4264516129032258,7.0845000000000000,5.5780000000000000,6.6350000000000000
1987-02-01,6.1010714285714286,7.2505263157894737,5.7510526315789474,6.7921052631578947
1987-03-01,6.1283870967741935,7.2486363636363636,5.7659090909090909,6.7931818181818182
1987-04-01,6.3653333333333333,8.0228571428571429,5.8157142857142857,7.5742857142857143
1987-05-01,6.8529032258064516,8.6130000000000000,5.8465000000000000,8.2595000000000000
1987-06-01,6.7250000000000000,8.4022727272727273,5.8545454545454545,8.0163636363636364
1987-07-01,6.5822580645161290,8.4468181818181818,5.8790909090909091,8.0081818181818182
1987-08-01,6.7322580645161290,8.7604761904761905,6.2333333333333333,8.3228571428571429
1987-09-01,7.2163333333333333,9.4219047619047619,6.6214285714285714,8.9428571428571429
1987-10-01,7.2887096774193548,9.5200000000000000,6.3509523809523810,9.0800000000000000
1987-11-01,6.6933333333333333,8.8605263157894737,5.8900000000000000,8.3473684210526316
1987-12-01,6.7696774193548387,8.9877272727272727,5.9595454545454545,8.4513636363636364
1988-01-01,6.8338709677419355,8.6657894736842105,6.0047368421052632,8.1778947368421053
1988-02-01,6.5827586206896552,8.2120000000000000,5.8425000000000000,7.7125000000000000
1988-03-01,6.5758064516129032,8.3734782608695652,5.8700000000000000,7.8339130434782609
1988-04-01,6.8716666666666667,8.7185000000000000,6.0830000000000000,8.1940000000000000
1988-05-01,7.0864516129032258,9.0890476190476190,6.4542857142857143,8.5823809523809524
1988-06-01,7.5090000000000000,8.9213636363636364,6.6640909090909091,8.4868181818181818
1988-07-01,7.7548387096774194,9.0560000000000000,6.9480000000000000,8.6550000000000000
1988-08-01,8.0090322580645161,9.2604347826086957,7.2995652173913043,8.9365217391304348
1988-09-01,8.1933333333333333,8.9771428571428571,7.4780952380952381,8.6928571428571429
1988-10-01,8.2961290322580645,8.7955000000000000,7.5970000000000000,8.5125000000000000
1988-11-01,8.3450000000000000,8.9625000000000000,8.0285000000000000,8.7865000000000000
1988-12-01,8.7603225806451613,9.1057142857142857,8.3485714285714286,9.0928571428571429
1989-01-01,9.1212903225806452,9.0915000000000000,8.5585000000000000,9.1485000000000000
1989-02-01,9.3610714285714286,9.1689473684210526,8.8368421052631579,9.2705263157894737
1989-03-01,9.8487096774193548,9.3577272727272727,9.1422727272727273,9.5140909090909091
1989-04-01,9.8353333333333333,9.1755000000000000,8.9625000000000000,9.2950000000000000
1989-05-01,9.8090322580645161,8.8590909090909091,8.7359090909090909,8.9095454545454545
1989-06-01,9.5300000000000000,8.2772727272727273,8.4345454545454545,8.2922727272727273
1989-07-01,9.2354838709677419,8.0185000000000000,8.1470000000000000,7.8265000000000000
1989-08-01,8.9922580645161290,8.1126086956521739,8.1700000000000000,8.0895652173913043
1989-09-01,9.0210000000000000,8.1905000000000000,8.0145000000000000,8.1745000000000000
1989-10-01,8.8406451612903226,8.0076190476190476,7.8995238095238095,7.9661904761904762
1989-11-01,8.5480000000000000,7.8742857142857143,7.9438095238095238,7.8109523809523810
1989-12-01,8.4525806451612903,7.8360000000000000,7.8795000000000000,7.7465000000000000
1990-01-01,8.2290322580645161,8.2066666666666667,7.8980952380952381,8.1195238095238095
1990-02-01,8.2371428571428571,8.4731578947368421,8.0021052631578947,8.4247368421052632
1990-03-01,8.2767741935483871,8.5886363636363636,8.1700000000000000,8.6004545454545455
1990-04-01,8.2550000000000000,8.7855000000000000,8.0405000000000000,8.7680000000000000
1990-05-01,8.1764516129032258,8.7581818181818182,8.0068181818181818,8.7359090909090909
1990-06-01,8.2886666666666667,8.4800000000000000,7.9866666666666667,8.4304761904761905
1990-07-01,8.1525806451612903,8.4714285714285714,7.8747619047619048,8.3309523809523810
1990-08-01,8.1341935483870968,8.7526086956521739,7.6943478260869565,8.4365217391304348
1990-09-01,8.1950000000000000,8.8931578947368421,7.5978947368421053,8.5136842105263158
1990-10-01,8.1125806451612903,8.7195454545454545,7.4000000000000000,8.3277272727272727
1990-11-01,7.8066666666666667,8.3920000000000000,7.2905000000000000,8.0225000000000000
1990-12-01,7.3129032258064516,8.0750000000000000,6.9495000000000000,7.7265000000000000
1991-01-01,6.9064516129032258,8.0919047619047619,6.4104761904761905,7.7000000000000000
1991-02-01,6.2525000000000000,7.8547368421052632,6.1163157894736842,7.4726315789473684
1991-03-01,6.1151612903225806,8.1100000000000000,6.0935000000000000,7.7720000000000000
1991-04-01,5.9123333333333333,8.0390909090909091,5.8254545454545455,7.7009090909090909
1991-05-01,5.7829032258064516,8.0677272727272727,5.6336363636363636,7.7013636363636364
1991-06-01,5.8996666666666667,8.2840000000000000,5.7510000000000000,7.9370000000000000
1991-07-01,5.8209677419354839,8.2727272727272727,5.7509090909090909,7.9113636363636364
1991-08-01,5.6612903225806452,7.9000000000000000,5.4977272727272727,7.4250000000000000
1991-09-01,5.4470000000000000,7.6500000000000000,5.3735000000000000,7.1360000000000000
1991-10-01,5.2096774193548387,7.5272727272727273,5.1440909090909091,6.8713636363636364
1991-11-01,4.8113333333333333,7.4173684210526316,4.6894736842105263,6.6178947368421053
1991-12-01,4.4341935483870968,7.0885714285714286,4.1842857142857143,6.1861904761904762
1992-01-01,4.0341935483870968,7.0323809523809524,3.9061904761904762,6.2428571428571429
1992-02-01,4.0575862068965517,7.3378947368421053,3.9500000000000000,6.5778947368421053
1992-03-01,3.9832258064516129,7.5422727272727273,4.1386363636363636,6.9454545454545455
1992-04-01,3.7346666666666667,7.4804761904761905,3.8390476190476190,6.7842857142857143
1992-05-01,3.8232258064516129,7.3920000000000000,3.7190000000000000,6.6925000000000000
1992-06-01,3.7626666666666667,7.2618181818181818,3.7450000000000000,6.4827272727272727
1992-07-01,3.2535483870967742,6.8445454545454545,3.2795454545454545,5.8368181818181818
1992-08-01,3.3032258064516129,6.5857142857142857,3.1990476190476190,5.5961904761904762
1992-09-01,3.2196666666666667,6.4152380952380952,2.9685714285714286,5.3800000000000000
1992-10-01,3.0990322580645161,6.5890476190476190,2.9328571428571429,5.6004761904761905
1992-11-01,3.0876666666666667,6.8731578947368421,3.2057894736842105,6.0378947368421053
1992-12-01,2.9196774193548387,6.7700000000000000,3.2913636363636364,6.0759090909090909
1993-01-01,3.0241935483870968,6.6000000000000000,3.0710526315789474,5.8336842105263158
1993-02-01,3.0271428571428571,6.2589473684210526,2.9926315789473684,5.4289473684210526
1993-03-01,3.0741935483870968,5.9752173913043478,3.0143478260869565,5.1947826086956522
1993-04-01,2.9576666666666667,5.9695238095238095,2.9304761904761905,5.1328571428571429
1993-05-01,2.9961290322580645,6.0355000000000000,3.0250000000000000,5.1980000000000000
1993-06-01,3.0380000000000000,5.9627272727272727,3.1445454545454545,5.2168181818181818
1993-07-01,3.0554838709677419,5.8052380952380952,3.1109523809523810,5.0909523809523810
1993-08-01,3.0322580645161290,5.6777272727272727,3.0904545454545455,5.0250000000000000
1993-09-01,3.0863333333333333,5.3600000000000000,3.0085714285714286,4.7347619047619048
1993-10-01,2.9925806451612903,5.3340000000000000,3.0920000000000000,4.7070000000000000
1993-11-01,3.0180000000000000,5.7240000000000000,3.1795000000000000,5.0630000000000000
1993-12-01,2.9551612903225806,5.7740909090909091,3.1277272727272727,5.1468181818181818
1994-01-01,3.0506451612903226,5.7505000000000000,3.0445000000000000,5.0870000000000000
1994-02-01,3.2450000000000000,5.9731578947368421,3.3305263157894737,5.3952631578947368
1994-03-01,3.3358064516129032,6.4826086956521739,3.5908695652173913,5.9413043478260870
1994-04-01,3.5550000000000000,6.9721052631578947,3.7805263157894737,6.5242105263157895
1994-05-01,4.0109677419354839,7.1833333333333333,4.2676190476190476,6.7800000000000000
1994-06-01,4.2456666666666667,7.1013636363636364,4.2490909090909091,6.6954545454545455
1994-07-01,4.2561290322580645,7.2980000000000000,4.4565000000000000,6.9095000000000000
1994-08-01,4.4745161290322581,7.2360869565217391,4.6117391304347826,6.8778260869565217
1994-09-01,4.7336666666666667,7.4571428571428571,4.7514285714285714,7.0833333333333333
1994-10-01,4.7600000000000000,7.7440000000000000,5.1020000000000000,7.4030000000000000
1994-11-01,5.2946666666666667,7.9550000000000000,5.4490000000000000,7.7175000000000000
1994-12-01,5.4532258064516129,7.8138095238095238,5.7647619047619048,7.7761904761904762
1995-01-01,5.5274193548387097,7.7795000000000000,5.9015000000000000,7.7560000000000000
1995-02-01,5.9153571428571429,7.4694736842105263,5.9394736842105263,7.3657894736842105
1995-03-01,5.9764516129032258,7.2047826086956522,5.9104347826086957,7.0473913043478261
1995-04-01,6.0473333333333333,7.0626315789473684,5.8378947368421053,6.8600000000000000
1995-05-01,6.0090322580645161,6.6327272727272727,5.8477272727272727,6.4145454545454545
1995-06-01,6.0013333333333333,6.1681818181818182,5.6390909090909091,5.9286363636363636
1995-07-01,5.8519354838709677,6.2780000000000000,5.5930000000000000,6.0085000000000000
1995-08-01,5.7351612903225806,6.4882608695652174,5.5656521739130435,6.2439130434782609
1995-09-01,5.8046666666666667,6.1975000000000000,5.4340000000000000,6.0015000000000000
1995-10-01,5.7561290322580645,6.0447619047619048,5.4442857142857143,5.8628571428571429
1995-11-01,5.8030000000000000,5.9304761904761905,5.5180952380952381,5.6942857142857143
1995-12-01,5.6019354838709677,5.7115000000000000,5.2940000000000000,5.5135000000000000
1996-01-01,5.5648387096774194,5.6523809523809524,5.1504761904761905,5.3623809523809524
1996-02-01,5.2244827586206897,5.8055000000000000,4.9645000000000000,5.3795000000000000
1996-03-01,5.3141935483870968,6.2685714285714286,5.0976190476190476,5.9661904761904762
1996-04-01,5.2236666666666667,6.5113636363636364,5.0877272727272727,6.3009090909090909
1996-05-01,5.2351612903225806,6.7368181818181818,5.1536363636363636,6.4831818181818182
1996-06-01,5.2733333333333333,6.9120000000000000,5.2315000000000000,6.6895000000000000
1996-07-01,5.3964516129032258,6.8654545454545455,5.2981818181818182,6.6359090909090909
1996-08-01,5.2229032258064516,6.6354545454545455,5.1890909090909091,6.3890909090909091
1996-09-01,5.2990000000000000,6.8320000000000000,5.2375000000000000,6.5970000000000000
1996-10-01,5.2380645161290323,6.5336363636363636,5.1231818181818182,6.2704545454545455
1996-11-01,5.3110000000000000,6.2036842105263158,5.1694736842105263,5.9731578947368421
1996-12-01,5.2945161290322581,6.3023809523809524,5.0404761904761905,6.0680952380952381
1997-01-01,5.2545161290322581,6.5790476190476190,5.1657142857142857,6.3333333333333333
1997-02-01,5.1857142857142857,6.4194736842105263,5.1421052631578947,6.1989473684210526
1997-03-01,5.3861290322580645,6.6945000000000000,5.2845000000000000,6.5370000000000000
1997-04-01,5.5073333333333333,6.8854545454545455,5.3045454545454545,6.7590909090909091
1997-05-01,5.5041935483870968,6.7109523809523810,5.1966666666666667,6.5676190476190476
1997-06-01,5.5556666666666667,6.4938095238095238,5.0709523809523810,6.3752380952380952
1997-07-01,5.5212903225806452,6.2204545454545455,5.1945454545454545,6.1209090909090909
1997-08-01,5.5422580645161290,6.2985714285714286,5.2795238095238095,6.1600000000000000
1997-09-01,5.5406666666666667,6.2085714285714286,5.0847619047619048,6.1061904761904762
1997-10-01,5.4961290322580645,6.0295454545454545,5.1127272727272727,5.9281818181818182
1997-11-01,5.5216666666666667,5.8750000000000000,5.2811111111111111,5.8038888888888889
1997-12-01,5.5048387096774194,5.8086363636363636,5.3045454545454545,5.7731818181818182
1998-01-01,5.5574193548387097,5.5445000000000000,5.1790000000000000,5.4160000000000000
1998-02-01,5.5057142857142857,5.5747368421052632,5.2300000000000000,5.4926315789473684
1998-03-01,5.4935483870967742,5.6472727272727273,5.1618181818181818,5.6118181818181818
1998-04-01,5.4453333333333333,5.6376190476190476,5.0828571428571429,5.6119047619047619
1998-05-01,5.4887096774193548,5.6525000000000000,5.1400000000000000,5.6280000000000000
1998-06-01,5.5586666666666667,5.4963636363636364,5.1240909090909091,5.5240909090909091
1998-07-01,5.5358064516129032,5.4613636363636364,5.0945454545454545,5.4613636363636364
1998-08-01,5.5467741935483871,5.3419047619047619,5.0409523809523810,5.2747619047619048
1998-09-01,5.5116666666666667,4.8066666666666667,4.7390476190476190,4.6238095238095238
1998-10-01,5.0709677419354839,4.5300000000000000,4.0704761904761905,4.1842857142857143
1998-11-01,4.8260000000000000,4.8273684210526316,4.5310526315789474,4.5373684210526316
1998-12-01,4.6835483870967742,4.6450000000000000,4.4968181818181818,4.4500000000000000
1999-01-01,4.6325806451612903,4.7221052631578947,4.4463157894736842,4.6005263157894737
1999-02-01,4.7646428571428571,4.9989473684210526,4.5552631578947368,4.9147368421052632
1999-03-01,4.8093548387096774,5.2326086956521739,4.5665217391304348,5.1404347826086957
1999-04-01,4.7363333333333333,5.1845454545454545,4.4090909090909091,5.0795454545454545
1999-05-01,4.7422580645161290,5.5395000000000000,4.6310000000000000,5.4370000000000000
1999-06-01,4.7646666666666667,5.8995454545454545,4.7154545454545455,5.8090909090909091
1999-07-01,4.9941935483870968,5.7919047619047619,4.6857142857142857,5.6785714285714286
1999-08-01,5.0722580645161290,5.9390909090909091,4.8736363636363636,5.8413636363636364
1999-09-01,5.2243333333333333,5.9152380952380952,4.8223809523809524,5.8019047619047619
1999-10-01,5.2000000000000000,6.1120000000000000,5.0185000000000000,6.0335000000000000
1999-11-01,5.4200000000000000,6.0340000000000000,5.2275000000000000,5.9690000000000000
1999-12-01,5.2958064516129032,6.2754545454545455,5.3568181818181818,6.1863636363636364
2000-01-01,5.4483870967741935,6.6610000000000000,5.4990000000000000,6.5795000000000000
2000-02-01,5.7348275862068966,6.5195000000000000,5.7270000000000000,6.6780000000000000
2000-03-01,5.8535483870967742,6.2565217391304348,5.8639130434782609,6.5039130434782609
2000-04-01,6.0196666666666667,5.9905263157894737,5.8215789473684211,6.2626315789473684
2000-05-01,6.2680645161290323,6.4404545454545455,5.9945454545454545,6.6877272727272727
2000-06-01,6.5283333333333333,6.0972727272727273,5.8618181818181818,6.3009090909090909
2000-07-01,6.5445161290322581,6.0540000000000000,6.1425000000000000,6.1790000000000000
2000-08-01,6.4967741935483871,5.8260869565217391,6.2773913043478261,6.0608695652173913
2000-09-01,6.5170000000000000,5.7990000000000000,6.1750000000000000,5.9345000000000000
2000-10-01,6.5093548387096774,5.7385714285714286,6.2947619047619048,5.7828571428571429
2000-11-01,6.5143333333333333,5.7171428571428571,6.3561904761904762,5.6976190476190476
2000-12-01,6.4022580645161290,5.2405000000000000,5.9370000000000000,5.1680000000000000
2001-01-01,5.9758064516129032,5.1609523809523810,5.2852380952380952,4.8585714285714286
2001-02-01,5.4942857142857143,5.0989473684210526,5.0052631578947368,4.8863157894736842
2001-03-01,5.3109677419354839,4.8854545454545455,4.5354545454545455,4.6427272727272727
2001-04-01,4.8020000000000000,5.1410000000000000,3.9660000000000000,4.7635000000000000
2001-05-01,4.2122580645161290,5.3913636363636364,3.7031818181818182,4.9277272727272727
2001-06-01,3.9696666666666667,5.2842857142857143,3.5652380952380952,4.8071428571428571
2001-07-01,3.7690322580645161,5.2361904761904762,3.5933333333333333,4.7619047619047619
2001-08-01,3.6525806451612903,4.9713043478260870,3.4378260869565217,4.5739130434782609
2001-09-01,3.0690000000000000,4.7317647058823529,2.6923529411764706,4.1152941176470588
2001-10-01,2.4851612903225806,4.5668181818181818,2.1977272727272727,3.9100000000000000
2001-11-01,2.0870000000000000,4.6515000000000000,1.9065000000000000,3.9725000000000000
2001-12-01,1.8177419354838710,5.0875000000000000,1.7200000000000000,4.3895000000000000
2002-01-01,1.7296774193548387,5.0357142857142857,1.6847619047619048,4.3400000000000000
2002-02-01,1.7396428571428571,4.9115789473684211,1.7568421052631579,4.2984210526315789
2002-03-01,1.7300000000000000,5.2840000000000000,1.8250000000000000,4.7380000000000000
2002-04-01,1.7530000000000000,5.2109090909090909,1.7450000000000000,4.6468181818181818
2002-05-01,1.7512903225806452,5.1645454545454545,1.7604545454545455,4.4945454545454545
2002-06-01,1.7503333333333333,4.9265000000000000,1.7320000000000000,4.1860000000000000
2002-07-01,1.7290322580645161,4.6531818181818182,1.7136363636363636,3.8072727272727273
2002-08-01,1.7432258064516129,4.2572727272727273,1.6472727272727273,3.2945454545454545
2002-09-01,1.7506666666666667,3.8700000000000000,1.6590000000000000,2.9380000000000000
2002-10-01,1.7548387096774194,3.9409090909090909,1.6100000000000000,2.9450000000000000
2002-11-01,1.3360000000000000,4.0484210526315789,1.2547368421052632,3.0547368421052632
2002-12-01,1.2383870967741935,4.0323809523809524,1.2109523809523810,3.0333333333333333
2003-01-01,1.2351612903225806,4.0485714285714286,1.1890476190476190,3.0523809523809524
2003-02-01,1.2621428571428571,3.9026315789473684,1.1852631578947368,2.8978947368421053
2003-03-01,1.2529032258064516,3.8071428571428571,1.1509523809523810,2.7838095238095238
2003-04-01,1.2580000000000000,3.9585714285714286,1.1523809523809524,2.9285714285714286
2003-05-01,1.2590322580645161,3.5690476190476190,1.0880952380952381,2.5157142857142857
2003-06-01,1.2226666666666667,3.3342857142857143,0.93619047619047619048,2.2657142857142857
2003-07-01,1.01129032258064516129,3.9754545454545455,0.92045454545454545455,2.8722727272727273
2003-08-01,1.02903225806451612903,4.4452380952380952,0.96904761904761904762,3.3700000000000000
2003-09-01,1.01000000000000000000,4.2742857142857143,0.95523809523809523810,3.1847619047619048
2003-10-01,1.01000000000000000000,4.2904545454545455,0.94181818181818181818,3.1859090909090909
2003-11-01,0.99600000000000000000,4.3000000000000000,0.95222222222222222222,3.2872222222222222
2003-12-01,0.98419354838709677419,4.2677272727272727,0.91454545454545454545,3.2686363636363636
2004-01-01,0.99709677419354838710,4.1505000000000000,0.90050000000000000000,3.1215000000000000
2004-02-01,1.00724137931034482759,4.0842105263157895,0.94473684210526315789,3.0678947368421053
2004-03-01,1.00161290322580645161,3.8265217391304348,0.95347826086956521739,2.7869565217391304
2004-04-01,1.00400000000000000000,4.3476190476190476,0.95809523809523809524,3.3895238095238095
2004-05-01,1.00451612903225806452,4.7155000000000000,1.03950000000000000000,3.8505000000000000
2004-06-01,1.02566666666666666667,4.7338095238095238,1.2880952380952381,3.9290476190476190
2004-07-01,1.2635483870967742,4.4980952380952381,1.3576190476190476,3.6885714285714286
2004-08-01,1.4293548387096774,4.2813636363636364,1.5031818181818182,3.4745454545454545
2004-09-01,1.6050000000000000,4.1257142857142857,1.6814285714285714,3.3552380952380952
2004-10-01,1.7609677419354839,4.0970000000000000,1.7945000000000000,3.3475000000000000
2004-11-01,1.9320000000000000,4.1940000000000000,2.1075000000000000,3.5250000000000000
2004-12-01,2.1561290322580645,4.2309090909090909,2.2227272727272727,3.5981818181818182
2005-01-01,2.2793548387096774,4.2215000000000000,2.3710000000000000,3.7070000000000000
2005-02-01,2.5017857142857143,4.1652631578947368,2.5794736842105263,3.7663157894736842
2005-03-01,2.6290322580645161,4.4977272727272727,2.7959090909090909,4.1654545454545455
2005-04-01,2.7850000000000000,4.3409523809523810,2.8366666666666667,3.9985714285714286
2005-05-01,3.0025806451612903,4.1442857142857143,2.9019047619047619,3.8528571428571429
2005-06-01,3.0356666666666667,3.9981818181818182,3.0363636363636364,3.7722727272727273
2005-07-01,3.2625806451612903,4.1775000000000000,3.2875000000000000,3.9790000000000000
2005-08-01,3.4996774193548387,4.2626086956521739,3.5182608695652174,4.1221739130434783
2005-09-01,3.6230000000000000,4.1990476190476190,3.4942857142857143,4.0061904761904762
2005-10-01,3.7793548387096774,4.4635000000000000,3.7925000000000000,4.3285000000000000
2005-11-01,3.9990000000000000,4.5350000000000000,3.9745000000000000,4.4525000000000000
2005-12-01,4.1570967741935484,4.4671428571428571,3.9709523809523810,4.3923809523809524
2006-01-01,4.2851612903225806,4.4160000000000000,4.3360000000000000,4.3455000000000000
2006-02-01,4.4914285714285714,4.5689473684210526,4.5394736842105263,4.5721052631578947
2006-03-01,4.5893548387096774,4.7239130434782609,4.6278260869565217,4.7160869565217391
2006-04-01,4.7903333333333333,4.9905263157894737,4.7215789473684211,4.9021052631578947
2006-05-01,4.9403225806451613,5.1100000000000000,4.8363636363636364,4.9977272727272727
2006-06-01,4.9910000000000000,5.1063636363636364,4.9177272727272727,5.0672727272727273
2006-07-01,5.2351612903225806,5.0875000000000000,5.0765000000000000,5.0400000000000000
2006-08-01,5.2464516129032258,4.8765217391304348,5.0904347826086957,4.8221739130434783
2006-09-01,5.2546666666666667,4.7190000000000000,4.9300000000000000,4.6675000000000000
2006-10-01,5.2451612903225806,4.7290476190476190,5.0461904761904762,4.6866666666666667
2006-11-01,5.2456666666666667,4.5952380952380952,5.0733333333333333,4.5823809523809524
2006-12-01,5.2380645161290323,4.5645000000000000,4.9730000000000000,4.5330000000000000
2007-01-01,5.2483870967741935,4.7595238095238095,5.1052380952380952,4.7528571428571429
2007-02-01,5.2589285714285714,4.7226315789473684,5.1631578947368421,4.7105263157894737
2007-03-01,5.2567741935483871,4.5645454545454545,5.0800000000000000,4.4809090909090909
2007-04-01,5.2496666666666667,4.6938095238095238,5.0066666666666667,4.5933333333333333
2007-05-01,5.2535483870967742,4.7463636363636364,4.8677272727272727,4.6672727272727273
2007-06-01,5.2540000000000000,5.1028571428571429,4.7419047619047619,5.0261904761904762
2007-07-01,5.2583870967741935,5.0042857142857143,4.9609523809523810,4.8847619047619048
2007-08-01,5.0222580645161290,4.6747826086956522,4.3169565217391304,4.4321739130434783
2007-09-01,4.9380000000000000,4.5215789473684211,3.9942105263157895,4.1989473684210526
2007-10-01,4.7554838709677419,4.5277272727272727,4.0027272727272727,4.1981818181818182
2007-11-01,4.4866666666666667,4.1485000000000000,3.3545000000000000,3.6670000000000000
2007-12-01,4.2445161290322581,4.0975000000000000,3.0665000000000000,3.4875000000000000
2008-01-01,3.9403225806451613,3.7442857142857143,2.8200000000000000,2.9804761904761905
2008-02-01,2.9806896551724138,3.7375000000000000,2.1740000000000000,2.7790000000000000
2008-03-01,2.6103225806451613,3.5100000000000000,1.2835000000000000,2.4835000000000000
2008-04-01,2.2783333333333333,3.6750000000000000,1.3118181818181818,2.8413636363636364
2008-05-01,1.9783870967741935,3.8800000000000000,1.7642857142857143,3.1533333333333333
2008-06-01,2.0010000000000000,4.0995238095238095,1.8904761904761905,3.4852380952380952
2008-07-01,2.0096774193548387,4.0077272727272727,1.6550000000000000,3.3031818181818182
2008-08-01,1.9964516129032258,3.8857142857142857,1.7528571428571429,3.1419047619047619
2008-09-01,1.8116666666666667,3.6861904761904762,1.1466666666666667,2.8842857142857143
2008-10-01,0.96935483870967741935,3.8140909090909091,0.68590909090909090909,2.7263636363636364
2008-11-01,0.38766666666666666667,3.5266666666666667,0.19388888888888888889,2.2916666666666667
2008-12-01,0.15516129032258064516,2.4163636363636364,0.03409090909090909091,1.5218181818181818
2009-01-01,0.15419354838709677419,2.5175000000000000,0.12950000000000000000,1.5965000000000000
2009-02-01,0.22214285714285714286,2.8700000000000000,0.29526315789473684211,1.8715789473684211
2009-03-01,0.18064516129032258065,2.8195454545454545,0.21590909090909090909,1.8159090909090909
2009-04-01,0.15033333333333333333,2.9271428571428571,0.15809523809523809524,1.8580952380952381
2009-05-01,0.17741935483870967742,3.2930000000000000,0.17700000000000000000,2.1340000000000000
2009-06-01,0.20633333333333333333,3.7218181818181818,0.17863636363636363636,2.7059090909090909
2009-07-01,0.15580645161290322581,3.5622727272727273,0.18363636363636363636,2.4627272727272727
2009-08-01,0.16032258064516129032,3.5871428571428571,0.17190476190476190476,2.5709523809523810
2009-09-01,0.14666666666666666667,3.4019047619047619,0.12333333333333333333,2.3690476190476190
2009-10-01,0.11806451612903225806,3.3876190476190476,0.07428571428571428571,2.3328571428571429
2009-11-01,0.11900000000000000000,3.4026315789473684,0.05210526315789473684,2.2305263157894737
2009-12-01,0.11806451612903225806,3.5900000000000000,0.05454545454545454545,2.3404545454545455
2010-01-01,0.11000000000000000000,3.7331578947368421,0.06157894736842105263,2.4842105263157895
2010-02-01,0.12642857142857142857,3.6910526315789474,0.10894736842105263158,2.3636842105263158
2010-03-01,0.16451612903225806452,3.7273913043478261,0.15043478260869565217,2.4330434782608696
2010-04-01,0.19833333333333333333,3.8468181818181818,0.16227272727272727273,2.5813636363636364
2010-05-01,0.20064516129032258065,3.4200000000000000,0.16000000000000000000,2.1800000000000000
2010-06-01,0.17666666666666666667,3.2040909090909091,0.12363636363636363636,1.9963636363636364
2010-07-01,0.18258064516129032258,3.0114285714285714,0.15761904761904761905,1.7628571428571429
2010-08-01,0.18935483870967741935,2.6986363636363636,0.15500000000000000000,1.4654545454545455
2010-09-01,0.19466666666666666667,2.6476190476190476,0.15190476190476190476,1.4104761904761905
2010-10-01,0.19129032258064516129,2.5400000000000000,0.13450000000000000000,1.1825000000000000
2010-11-01,0.19433333333333333333,2.7630000000000000,0.14300000000000000000,1.3500000000000000
2010-12-01,0.18322580645161290323,3.2909090909090909,0.14090909090909090909,1.9345454545454545
2011-01-01,0.16838709677419354839,3.3940000000000000,0.15200000000000000000,1.9945000000000000
2011-02-01,0.15678571428571428571,3.5763157894736842,0.13210526315789473684,2.2578947368421053
2011-03-01,0.13870967741935483871,3.4143478260869565,0.10043478260869565217,2.1134782608695652
2011-04-01,0.09800000000000000000,3.4550000000000000,0.05850000000000000000,2.1690000000000000
2011-05-01,0.09387096774193548387,3.1685714285714286,0.04095238095238095238,1.8423809523809524
2011-06-01,0.09200000000000000000,3.0022727272727273,0.03727272727272727273,1.5800000000000000
2011-07-01,0.07096774193548387097,3.0030000000000000,0.03750000000000000000,1.5410000000000000
2011-08-01,0.09580645161290322581,2.3030434782608696,0.02434782608695652174,1.02130434782608695652
2011-09-01,0.08400000000000000000,1.9752380952380952,0.01380952380952380952,0.90047619047619047619
2011-10-01,0.07064516129032258065,2.1520000000000000,0.01900000000000000000,1.0615000000000000
2011-11-01,0.08100000000000000000,2.0135000000000000,0.01400000000000000000,0.90800000000000000000
2011-12-01,0.07161290322580645161,1.9780952380952381,0.01142857142857142857,0.89142857142857142857
2012-01-01,0.08193548387096774194,1.9665000000000000,0.03450000000000000000,0.83500000000000000000
2012-02-01,0.10379310344827586207,1.9675000000000000,0.09200000000000000000,0.83100000000000000000
2012-03-01,0.12677419354838709677,2.1727272727272727,0.08409090909090909091,1.01727272727272727273
2012-04-01,0.13933333333333333333,2.0528571428571429,0.08380952380952380952,0.89476190476190476190
2012-05-01,0.15580645161290322581,1.8031818181818182,0.08954545454545454545,0.76181818181818181818
2012-06-01,0.16166666666666666667,1.6223809523809524,0.09142857142857142857,0.71142857142857142857
2012-07-01,0.15645161290322580645,1.5266666666666667,0.09714285714285714286,0.61952380952380952381
2012-08-01,0.13225806451612903226,1.6782608695652174,0.10260869565217391304,0.71391304347826086957
2012-09-01,0.14433333333333333333,1.7231578947368421,0.10526315789473684211,0.66894736842105263158
2012-10-01,0.15838709677419354839,1.7461904761904762,0.10476190476190476190,0.70857142857142857143
2012-11-01,0.16066666666666666667,1.6540000000000000,0.09350000000000000000,0.66500000000000000000
2012-12-01,0.16451612903225806452,1.7190000000000000,0.07000000000000000000,0.69600000000000000000
2013-01-01,0.14258064516129032258,1.9147619047619048,0.07428571428571428571,0.80523809523809523810
2013-02-01,0.14500000000000000000,1.9842105263157895,0.09894736842105263158,0.84631578947368421053
2013-03-01,0.14354838709677419355,1.9575000000000000,0.08700000000000000000,0.81850000000000000000
2013-04-01,0.14500000000000000000,1.7590909090909091,0.06000000000000000000,0.71045454545454545455
2013-05-01,0.10903225806451612903,1.9281818181818182,0.04409090909090909091,0.84090909090909090909
2013-06-01,0.09366666666666666667,2.3000000000000000,0.05050000000000000000,1.2035000000000000
2013-07-01,0.09258064516129032258,2.5822727272727273,0.03545454545454545455,1.4031818181818182
2013-08-01,0.08290322580645161290,2.7372727272727273,0.04363636363636363636,1.5204545454545455
2013-09-01,0.08000000000000000000,2.8095000000000000,0.01600000000000000000,1.5960000000000000
2013-10-01,0.08709677419354838710,2.6159090909090909,0.04727272727272727273,1.3668181818181818
2013-11-01,0.08433333333333333333,2.7184210526315789,0.06789473684210526316,1.3710526315789474
2013-12-01,0.08516129032258064516,2.9019047619047619,0.06666666666666666667,1.5761904761904762
2014-01-01,0.07161290322580645161,2.8580952380952381,0.04333333333333333333,1.6466666666666667
2014-02-01,0.06642857142857142857,2.7094736842105263,0.05263157894736842105,1.5157894736842105
2014-03-01,0.07806451612903225806,2.7233333333333333,0.05238095238095238095,1.6395238095238095
2014-04-01,0.09033333333333333333,2.7052380952380952,0.03095238095238095238,1.7009523809523810
2014-05-01,0.08709677419354838710,2.5590476190476190,0.03238095238095238095,1.5928571428571429
2014-06-01,0.09566666666666666667,2.5985714285714286,0.03571428571428571429,1.6790476190476190
2014-07-01,0.09096774193548387097,2.5422727272727273,0.02636363636363636364,1.6995454545454545
2014-08-01,0.08806451612903225806,2.4200000000000000,0.03285714285714285714,1.6314285714285714
2014-09-01,0.08833333333333333333,2.5342857142857143,0.02000000000000000000,1.7738095238095238
2014-10-01,0.08903225806451612903,2.3040909090909091,0.01681818181818181818,1.5459090909090909
2014-11-01,0.09200000000000000000,2.3255555555555556,0.02166666666666666667,1.6205555555555556
2014-12-01,0.12258064516129032258,2.2072727272727273,0.02909090909090909091,1.6400000000000000
2015-01-01,0.11483870967741935484,1.8815000000000000,0.02750000000000000000,1.3745000000000000
2015-02-01,0.11071428571428571429,1.9752631578947368,0.01789473684210526316,1.4726315789473684
2015-03-01,0.11290322580645161290,2.0427272727272727,0.02772727272727272727,1.5190909090909091
2015-04-01,0.12466666666666666667,1.9350000000000000,0.02318181818181818182,1.3545454545454545
2015-05-01,0.12322580645161290323,2.1975000000000000,0.01650000000000000000,1.5385000000000000
2015-06-01,0.12900000000000000000,2.3636363636363636,0.01500000000000000000,1.6836363636363636
2015-07-01,0.13032258064516129032,2.3245454545454545,0.03227272727272727273,1.6322727272727273
2015-08-01,0.13806451612903225806,2.1671428571428571,0.07190476190476190476,1.5414285714285714
2015-09-01,0.13600000000000000000,2.1728571428571429,0.02428571428571428571,1.4900000000000000
2015-10-01,0.12354838709677419355,2.0700000000000000,0.01666666666666666667,1.3857142857142857
2015-11-01,0.11766666666666666667,2.2631578947368421,0.12631578947368421053,1.6710526315789474
2015-12-01,0.24064516129032258065,2.2427272727272727,0.22863636363636363636,1.6986363636363636
2016-01-01,0.34290322580645161290,2.0852631578947368,0.25736842105263157895,1.5184210526315789
2016-02-01,0.37517241379310344828,1.7795000000000000,0.31450000000000000000,1.2220000000000000
2016-03-01,0.36225806451612903226,1.8890909090909091,0.29727272727272727273,1.3759090909090909
2016-04-01,0.36533333333333333333,1.8052380952380952,0.22809523809523809524,1.2580952380952381
2016-05-01,0.36516129032258064516,1.8061904761904762,0.27666666666666666667,1.3004761904761905
2016-06-01,0.37766666666666666667,1.6440909090909091,0.27272727272727272727,1.1663636363636364
2016-07-01,0.39161290322580645161,1.5040000000000000,0.30100000000000000000,1.0715000000000000
2016-08-01,0.39677419354838709677,1.5565217391304348,0.29956521739130434783,1.1330434782608696
2016-09-01,0.39633333333333333333,1.6304761904761905,0.29428571428571428571,1.1780952380952381
2016-10-01,0.39645161290322580645,1.7645000000000000,0.33150000000000000000,1.2720000000000000
2016-11-01,0.40666666666666666667,2.1420000000000000,0.45250000000000000000,1.5960000000000000
2016-12-01,0.54000000000000000000,2.4919047619047619,0.51190476190476190476,1.9590476190476190
2017-01-01,0.64967741935483870968,2.4325000000000000,0.51900000000000000000,1.9165000000000000
2017-02-01,0.65678571428571428571,2.4189473684210526,0.52631578947368421053,1.9015789473684211
2017-03-01,0.78612903225806451613,2.4817391304347826,0.74782608695652173913,2.0134782608695652
2017-04-01,0.89600000000000000000,2.2973684210526316,0.80842105263157894737,1.8242105263157895
2017-05-01,0.90741935483870967742,2.3036363636363636,0.90318181818181818182,1.8368181818181818
2017-06-01,1.0400000000000000,2.1868181818181818,0.99909090909090909091,1.7740909090909091
2017-07-01,1.1506451612903226,2.3180000000000000,1.0865000000000000,1.8720000000000000
2017-08-01,1.1570967741935484,2.2091304347826087,1.03217391304347826087,1.7765217391304348
2017-09-01,1.1533333333333333,2.2020000000000000,1.04650000000000000000,1.7975000000000000
2017-10-01,1.1538709677419355,2.3600000000000000,1.0933333333333333,1.9809523809523810
2017-11-01,1.1570000000000000,2.3533333333333333,1.2504761904761905,2.0500000000000000
2017-12-01,1.3016129032258065,2.4025000000000000,1.3415000000000000,2.1820000000000000
2018-01-01,1.4145161290322581,2.5838095238095238,1.4323809523809524,2.3819047619047619
2018-02-01,1.4175000000000000,2.8589473684210526,1.5878947368421053,2.5994736842105263
2018-03-01,1.5061290322580645,2.8423809523809524,1.7266666666666667,2.6295238095238095
2018-04-01,1.6923333333333333,2.8690476190476190,1.7880952380952381,2.7019047619047619
2018-05-01,1.7000000000000000,2.9777272727272727,1.8995454545454545,2.8168181818181818
2018-06-01,1.8196666666666667,2.9123809523809524,1.9352380952380952,2.7757142857142857
2018-07-01,1.9100000000000000,2.8890476190476190,1.9947619047619048,2.7776190476190476
2018-08-01,1.9148387096774194,2.8891304347826087,2.0726086956521739,2.7678260869565217
2018-09-01,1.9546666666666667,3.0042105263157895,2.1652631578947368,2.8936842105263158
2018-10-01,2.1877419354838710,3.1522727272727273,2.2931818181818182,3.0004545454545455
2018-11-01,2.1976666666666667,3.1170000000000000,2.3740000000000000,2.9470000000000000
2018-12-01,2.2741935483870968,2.8326315789473684,2.4121052631578947,2.6815789473684211
2019-01-01,2.4000000000000000,2.7138095238095238,2.4238095238095238,2.5361904761904762
2019-02-01,2.4000000000000000,2.6763157894736842,2.4378947368421053,2.4878947368421053
2019-03-01,2.4051612903225806,2.5709523809523810,2.4538095238095238,2.3728571428571429
2019-04-01,2.4236666666666667,2.5323809523809524,2.4328571428571429,2.3333333333333333
2019-05-01,2.3909677419354839,2.3950000000000000,2.4031818181818182,2.1877272727272727
2019-06-01,2.3776666666666667,2.0740000000000000,2.2195000000000000,1.8250000000000000
2019-07-01,2.4029032258064516,2.0590909090909091,2.1450000000000000,1.8281818181818182
2019-08-01,2.1258064516129032,1.6263636363636364,1.9904545454545455,1.4868181818181818
2019-09-01,2.0430000000000000,1.6995000000000000,1.9345000000000000,1.5650000000000000
2019-10-01,1.8296774193548387,1.7068181818181818,1.6786363636363636,1.5250000000000000
2019-11-01,1.5533333333333333,1.8121052631578947,1.5721052631578947,1.6394736842105263
2019-12-01,1.5509677419354839,1.8628571428571429,1.5652380952380952,1.6823809523809524
2020-01-01,1.5506451612903226,1.7576190476190476,1.5523809523809524,1.5623809523809524
2020-02-01,1.5831034482758621,1.5042105263157895,1.5447368421052632,1.3236842105263158
2020-03-01,0.65225806451612903226,0.87000000000000000000,0.29545454545454545455,0.59181818181818181818
2020-04-01,0.04900000000000000000,0.65761904761904761905,0.13809523809523809524,0.38809523809523809524
2020-05-01,0.05000000000000000000,0.67400000000000000000,0.12750000000000000000,0.33950000000000000000
2020-06-01,0.07766666666666666667,0.72863636363636363636,0.15954545454545454545,0.34454545454545454545
2020-07-01,0.09258064516129032258,0.62363636363636363636,0.12681818181818181818,0.27863636363636363636
2020-08-01,0.09516129032258064516,0.65000000000000000000,0.10428571428571428571,0.26666666666666666667
2020-09-01,0.09000000000000000000,0.67952380952380952381,0.10857142857142857143,0.26952380952380952381
2020-10-01,0.09000000000000000000,0.78714285714285714286,0.10047619047619047619,0.33571428571428571429
2020-11-01,0.08633333333333333333,0.87000000000000000000,0.09105263157894736842,0.38789473684210526316
2020-12-01,0.09000000000000000000,0.93363636363636363636,0.08727272727272727273,0.38590909090909090909
2021-01-01,0.08516129032258064516,1.0810526315789474,0.08368421052631578947,0.44526315789473684211
2021-02-01,0.07571428571428571429,1.2578947368421053,0.04263157894736842105,0.54263157894736842105
2021-03-01,0.06967741935483870968,1.6108695652173913,0.03130434782608695652,0.82304347826086956522
2021-04-01,0.06900000000000000000,1.6350000000000000,0.02090909090909090909,0.86181818181818181818
2021-05-01,0.05806451612903225806,1.6210000000000000,0.01800000000000000000,0.81950000000000000000
2021-06-01,0.07800000000000000000,1.5190909090909091,0.03590909090909090909,0.83863636363636363636
2021-07-01,0.09806451612903225806,1.3185714285714286,0.05238095238095238095,0.76428571428571428571
2021-08-01,0.09225806451612903226,1.2831818181818182,0.05454545454545454545,0.77227272727272727273
2021-09-01,0.07933333333333333333,1.3747619047619048,0.04190476190476190476,0.86380952380952380952
2021-10-01,0.07903225806451612903,1.5825000000000000,0.05200000000000000000,1.1060000000000000
2021-11-01,0.07966666666666666667,1.5595000000000000,0.05150000000000000000,1.2025000000000000
2021-12-01,0.07967741935483870968,1.4650000000000000,0.05863636363636363636,1.2295454545454545
2022-01-01,0.07935483870967741935,1.7640000000000000,0.14550000000000000000,1.5385000000000000
2022-02-01,0.08000000000000000000,1.9342105263157895,0.31473684210526315789,1.8115789473684211
2022-03-01,0.20096774193548387097,2.1278260869565217,0.44739130434782608696,2.1091304347826087
2022-04-01,0.33000000000000000000,2.7475000000000000,0.76350000000000000000,2.7775000000000000
2022-05-01,0.72473684210526315789,.,.,.
